{"reddit": {"neg": 0.10275792275838762, "pos": 0.11524926054255075, "neutral": 0.7811892165976542}, "nytimes": {"neg": 0.08169083585095671, "pos": 0.059928499496475315, "neutral": 0.8583675730110768}, "guardian": {"neg": 0.0828320910160846, "pos": 0.08279207532365607, "neutral": 0.8343911337779523}}