{"reddit": {"neg": 0.10289275754246616, "pos": 0.11498356291726548, "neutral": 0.781320586495398}, "nytimes": {"neg": 0.07803196991067231, "pos": 0.06816878232251991, "neutral": 0.8537842031029639}, "guardian": {"neg": 0.08304162042175384, "pos": 0.08157880133185327, "neutral": 0.83537985571587}}