{"reddit": {"neg": 0.10275792275838762, "pos": 0.11524926054255075, "neutral": 0.7811892165976542}}